Nome,Tipo,Modalità,Sottomodalità,Relazione,Domanda (In che misura pensi a questa cosa come…),Esempio Alto,Spiegazione Alta,Esempio Medio,Spiegazione Media
Visione,Sensoriale,Visione,Generale,essere,In che misura pensi a questa cosa come qualcosa che puoi facilmente vedere,luna,la luna è un oggetto fisico che puoi facilmente vedere.,malattia,la malattia è qualcosa che potresti o meno essere in grado di vedere.
Luminoso,Sensoriale,Visione,Intensità,essere,In che misura pensi a questa cosa come visivamente chiaro o luminoso,neve,la neve è molto luminosa.,banana,le banane hanno un colore abbastanza chiaro.
Scuro,Sensoriale,Visione,Intensità,essere,In che misura pensi a questa cosa come visivamente scuro,carbone,il carbone è molto scuro.,mud,il fango ha un colore abbastanza scuro.
Colore,Sensoriale,Visione,Superficie,avere,In che misura pensi a questa cosa come un colore caratteristico o definente,erba,l'erba ha un colore molto caratteristico.,pony,il colore dei pony è abbastanza variabile.
Motivo,Sensoriale,Visione,Superficie,avere,In che misura pensi a questa cosa come una texture visiva caratteristica o un motivo superficiale definente,tigre,le tigri hanno un motivo superficiale a strisce molto caratteristico.,stagno,la superficie di uno stagno ha una leggera texture visiva.
Grande,Sensoriale,Visione,Dimensione,essere,In che misura pensi a questa cosa come grande di dimensioni,vulcano,i vulcani sono molto grandi.,cammello,i cammelli sono abbastanza grandi.
Piccolo,Sensoriale,Visione,Dimensione,essere,In che misura pensi a questa cosa come piccolo di dimensioni,granello,i granelli sono molto piccoli.,coniglio,i conigli sono abbastanza piccoli.
Movimento,Sensoriale,Visione,Movimento,mostrare,In che misura pensi a questa cosa come con molto movimento visivamente osservabile,tornado,i tornado mostrano molto movimento osservabile.,orologio,"le parti dell'orologio si muovono, ma non molto notevolmente."
Biomovimento,Sensoriale,Visione,Movimento,mostrare,In che misura pensi a questa cosa come con movimenti tipici di un essere vivente,scimmia,le scimmie mostrano movimenti molto tipici di un essere vivente.,chiocciola,"le chiocciole sono vive e si muovono, ma non come gli animali tipici."
Veloce,Sensoriale,Visione,Movimento,mostrare,In che misura pensi a questa cosa come con movimenti visibili veloci,motocicletta,le motociclette si muovono tipicamente molto velocemente.,gatto,i gatti a volte si muovono velocemente.
Lento,Sensoriale,Visione,Movimento,mostrare,In che misura pensi a questa cosa come con movimenti visibili lenti,chiocciola,le chiocciole si muovono tipicamente molto lentamente.,mucca,le mucche di solito si muovono abbastanza lentamente.
Forma,Sensoriale,Visione,Forma,avere,In che misura pensi a questa cosa come con una forma o figura visiva caratteristica o definente,giraffa,le giraffe hanno una forma visiva molto caratteristica.,cioccolato,il cioccolato può avere una varietà di forme.
Complessità,Sensoriale,Visione,Forma,essere,In che misura pensi a questa cosa come visivamente complesso,motocicletta,le motociclette hanno molte parti visivamente osservabili.,skateboard,gli skateboard hanno relativamente poche parti osservabili.
Viso,Sensoriale,Visione,Forma,avere,In che misura pensi a questa cosa come con un viso umano o simile a quello umano,infermiera,le infermiere hanno volti umani.,gatto,i visi di gatto e umano condividono alcune caratteristiche simili.
Corpo,Sensoriale,Visione,Forma,avere,In che misura pensi a questa cosa come con parti del corpo umane o simili a quelle umane,infermiera,le infermiere hanno parti del corpo umane.,gatto,i gatti hanno alcune parti del corpo simili agli esseri umani.
Tatto,Sensoriale,Somatico,Generale,essere,In che misura pensi a questa cosa come qualcosa che potresti facilmente riconoscere al tatto,spazzolino,uno spazzolino è qualcosa che puoi toccare e riconoscere al tatto.,cipolla,una cipolla potrebbe essere un po' difficile da riconoscere solo al tatto.
Caldo,Sensoriale,Somatico,Superficie,essere,In che misura pensi a questa cosa come caldo al tatto,fuoco,il fuoco ha una temperatura molto alta.,hamburger,gli hamburger di solito sono caldi al tatto.
Freddo,Sensoriale,Somatico,Superficie,essere,In che misura pensi a questa cosa come freddo al tatto,ghiaccio,il ghiaccio ha una temperatura molto bassa.,coltello,i coltelli di solito sono freschi al tatto.
Liscio,Sensoriale,Somatico,Superficie,avere,In che misura pensi a questa cosa come con una texture liscia al tatto,seta,la seta è molto liscia al tatto.,cartone,il cartone è abbastanza liscio.
Ruvido,Sensoriale,Somatico,Superficie,avere,In che misura pensi a questa cosa come con una texture ruvida al tatto,stoppia,la stoppia è molto ruvida al tatto.,brick,la superficie di un mattone è abbastanza ruvida.
Leggero,Sensoriale,Somatico,Propriocezione,essere,In che misura pensi a questa cosa come leggero di peso,palloncino,i palloncini giocattolo sono molto leggeri.,mela,le mele sono abbastanza leggere.
Pesante,Sensoriale,Somatico,Propriocezione,essere,In che misura pensi a questa cosa come pesante di peso,incudine,le incudini sono molto pesanti.,libreria,"le librerie sono abbastanza pesanti, ma di solito possono essere sollevate con sforzo."
Dolore,Sensoriale,Somatico,Nocicezione,essere associato a,In che misura pensi a questa cosa come associato al dolore o al disagio fisico,mal di testa,il mal di testa è associato a molto dolore e disagio fisico.,spillo,uno spillo potrebbe accidentalmente causare dolore.
Udito,Sensoriale,Udito,Generale,essere,In che misura pensi a questa cosa come qualcosa che puoi facilmente sentire,sirena,le sirene sono facili da sentire.,ruscello,i ruscelli producono suoni ma sono abbastanza difficili da sentire.
Forte,Sensoriale,Udito,Intensità,produce,In che misura pensi a questa cosa come che produce un suono forte,esplosione,le esplosioni producono suoni molto forti.,litigio,le discussioni a volte possono essere rumorose.
Basso,Sensoriale,Udito,Frequenza,avere,In che misura pensi a questa cosa come con un suono di bassa frequenza,tuba,le tube producono suoni molto bassi.,mucca,le mucche producono suoni abbastanza bassi.
Alto,Sensoriale,Udito,Frequenza,avere,In che misura pensi a questa cosa come con un suono di alta frequenza,fischietto,i fischietti producono suoni molto alti.,rooster,i galli producono suoni abbastanza acuti.
Suono,Sensoriale,Udito,Forma,avere,In che misura pensi a questa cosa come con un suono caratteristico o riconoscibile,gallo,i galli producono suoni molto riconoscibili.,camion,i camion producono suoni abbastanza riconoscibili.
Musica,Sensoriale,Udito,Forma,produce,In che misura pensi a questa cosa come che produce un suono musicale,orchestra,le orchestre producono suoni musicali.,carillon a vento,i carillon a vento producono un suono abbastanza musicale.
Parlato,Sensoriale,Udito,Fonema,essere,In che misura pensi a questa cosa come qualcuno o qualcosa che parla,attrice,le attrici parlano molto spesso.,neonato,i neonati producono gorgoglii che suonano simili al parlato.
Gusto,Sensoriale,Gustazione,Qualità,avere,In che misura pensi a questa cosa come con un sapore caratteristico o definente,banana,le banane hanno un sapore molto caratteristico.,patata,le patate hanno un sapore sottile ma riconoscibile.
Odore,Sensoriale,Olfattivo,Qualità,avere,In che misura pensi a questa cosa come con un odore caratteristico o definente,arancia,le arance hanno un odore molto caratteristico.,terra,la terra ha un odore sottile ma riconoscibile.
Testa,Motorio,Motorio,Motorio,essere associato a,"In che misura pensi a questa cosa come associato ad azioni che usano il viso, la bocca o la lingua",fischietto,i fischietti sono oggetti che usi con il viso e la bocca.,candela,le candele sono cose che a volte si spengono soffiando.
Arto Superiore,Motorio,Motorio,Motorio,essere associato a,"In che misura pensi a questa cosa come associato ad azioni che usano il braccio, la mano o le dita",tastiera,le tastiere sono oggetti che usi con le mani e le dita.,scarpa,indossare le scarpe richiede relativamente poco coinvolgimento di mani o braccia.
Arto Inferiore,Motorio,Motorio,Motorio,essere associato a,In che misura pensi a questa cosa come associato ad azioni che usano la gamba o il piede,pedale,i pedali sono oggetti che azzioni con la gamba e il piede.,ascensore,usare un ascensore richiede solo un minimo coinvolgimento di gambe e piedi.
Pratica,Motorio,Motorio,Motorio,essere,In che misura pensi a questa cosa come un oggetto fisico che tu hai esperienza personale nell'usare,forchetta,le forchette sono oggetti che probabilmente usi con molta esperienza personale.,sega,probabilmente hai qualche esperienza nell'usare una sega.
Punto di Riferimento,Spaziale,Navigazione,Navigazione,avere,"In che misura pensi a questa cosa come con una posizione fissa, come su una mappa",biblioteca,le biblioteche e gli altri edifici hanno una posizione molto fissa.,cespuglio,i cespugli hanno una posizione fissa ma non abbastanza distintiva da essere segnata sulle mappe.
Percorso,Spaziale,Navigazione,Navigazione,mostrare,In che misura pensi a questa cosa come che mostra cambiamenti di posizione lungo una direzione o percorso particolare,razzo,i razzi seguono un tipico percorso verso il cielo.,elicottero,gli elicotteri potrebbero muoversi lungo vari percorsi orizzontali e verticali.
Scena,Spaziale,Scena,Scena,evocare,In che misura pensi a questa cosa come che evoca un ambiente o luogo fisico particolare,forno,pensare a un forno potrebbe evocare una cucina.,tazza,pensare a una tazza potrebbe evocare una varietà di luoghi diversi.
Vicino,Spaziale,Spazio del Sé,Prossimità,essere,In che misura pensi a questa cosa come spesso fisicamente vicino a te (a portata di mano) nella vita quotidiana,orologio da polso,"il tuo orologio è fisicamente molto vicino a te nella vita quotidiana, se lo indossi.",penna,potresti avere una penna vicino quando lavori.
Verso,Spaziale,Spazio del Sé,Verso,essere associato a,In che misura pensi a questa cosa come associato a movimenti verso o dentro di te,cibo,il cibo è qualcosa che tipicamente porti verso di te e dentro di te.,tazza,una tazza è qualcosa che tipicamente porti verso di te.
Lontano,Spaziale,Spazio del Sé,Lontano,essere associato a,In che misura pensi a questa cosa come associato a movimenti lontano da o fuori di te,vomito,il vomito è qualcosa che esce da te e si allontana da te.,chiave,una chiave è qualcosa che tipicamente allontani da te.
Numero,Numero,Numero,Numero,essere associato a,In che misura pensi a questa cosa come associato a un numero o quantità specifici,settimana,la parola settimana indica 7 giorni.,guanto,la parola guanto potrebbe farti pensare a 5 dita.
Tempo,Evento,Temporale,Tempo,essere,In che misura pensi a questa cosa come un evento o occorrenza che avviene a un momento tipico o prevedibile,pranzo,il pranzo è un evento che avviene tipicamente intorno a mezzogiorno.,vacanza,le vacanze cadono in date abbastanza prevedibili.
Durata,Evento,Temporale,Durata,essere,"In che misura pensi a questa cosa come un evento con una durata prevedibile, breve o lunga",film,i film hanno una durata abbastanza standard.,concerto,i concerti sono abbastanza variabili nella durata.
Lungo,Evento,Temporale,Lungo,being ,In che misura pensi a questa cosa come un evento che dura per un lungo periodo di tempo,vita,le vite delle persone durano tipicamente a lungo.,guerra,le guerre spesso durano diversi anni.
Breve,Evento,Temporale,Breve,being ,In che misura pensi a questa cosa come un evento che dura per un breve periodo di tempo,starnuto,uno starnuto è un evento molto breve.,risata,le risate durano tipicamente meno di un minuto.
Causato,Evento,Causale,Causale,essere,"In che misura pensi a questa cosa come causato da qualche evento, azione o sizione precedente chiara",rovesciamento,i rovesciamenti sono preceduti da un evento o azione che li causa.,amicizia,le amicizie possono svilupparsi senza alcuna causa identificabile.
Conseguente,Evento,Causale,Causale,essere,In che misura pensi a questa cosa come probabile che abbia conseguenze (che causi altre cose ad accadere),invasione,un'invasione porta probabilmente ad altri eventi.,idea,le idee a volte hanno conseguenze.
Sociale,Evento,Sociale,Sociale,essere,In che misura pensi a questa cosa come un'attività o evento che implica un'interazione tra persone,matrimonio,i matrimoni sono eventi che coinvolgono molte interazioni tra persone.,jogging,il jogging potrebbe o meno coinvolgere interazioni tra persone.
Umano,Cognizione,Sociale,Teoria della Mente,avere,"In che misura pensi a questa cosa come con intenzioni, piani o obiettivi umani o simili a quelli umani",lobbista,"i lobbisti hanno intenzioni, piani e obiettivi complessi.",bambino piccolo,i bambini piccoli hanno bisogni e obiettivi molto semplici.
Comunicazione,Cognizione,Sociale,Comunicazione,essere,In che misura pensi a questa cosa come una cosa o azione che le persone usano per comunicare,conversazione,le conversazioni sono un metodo che le persone usano per comunicare.,penna,le penne sono strumenti spesso usati per comunicare.
Sé,Cognizione,Self,Sé,essere,"In che misura pensi a questa cosa come correlato alla tua visione di te stesso, una parte della tua immagine di sé",onestà,probabilmente ti vedi come una persona onesta.,automobilista,probabilmente guidi ma questo potrebbe non essere una parte chiave della tua immagine di sé.
Cognizione,Cognizione,Cognizione,Cognizione,essere,In che misura pensi a questa cosa come una forma di attività mentale o una funzione della mente,pensiero,il pensiero è prodotto dall'attività mentale.,sport,gli sport richiedono un certo grado di sforzo puramente mentale.
Beneficio,Valutazione,Cognitivo,Positivo,essere,In che misura pensi a questa cosa come qualcuno o qualcosa che potrebbe aiutare o beneficiare te o altri,cura,le cure di solito aiutano o beneficiano molte persone.,notizie,le notizie possono fornire informazioni che aiutano le persone.
Danno,Valutazione,Cognitivo,Negativo,essere,In che misura pensi a questa cosa come qualcuno o qualcosa che potrebbe causare danni a te o agli altri,epidemia,le epidemie di solito causano danni a molte persone.,neve,la neve a volte può essere un pericolo.
Piacevole,Valutazione,Affettivo,Positivo,essere,In che misura pensi a questa cosa come qualcuno o qualcosa che trovi piacevole,musica,la maggior parte delle persone trova molto piacevole ascoltare musica.,brezza,una brezza può essere piacevole quando si ha caldo.
Spiacevole,Valutazione,Affettivo,Negativo,essere,In che misura pensi a questa cosa come qualcuno o qualcosa che trovi spiacevole,influenza,avere l'influenza è molto spiacevole.,polvere,la polvere può essere abbastanza spiacevole.
Felice,Emozione,Positivo,Alto,essere,In che misura pensi a questa cosa come qualcuno o qualcosa che ti fa sentire felice,amore,l'amore è qualcosa che tipicamente rende le persone molto felici.,lunch,pranzare può essere riposante e divertente.
Triste,Emozione,Negativo,Basso,essere,In che misura pensi a questa cosa come qualcuno o qualcosa che ti fa sentire triste,morte,la morte è qualcosa che tipicamente rende le persone molto tristi.,pioggia,la pioggia può rendere una giornata cupa.
Arrabbiato,Emozione,Negativo,Alto,essere,In che misura pensi a questa cosa come qualcuno o qualcosa che ti fa sentire arrabbiato,mancanza di rispetto,la mancanza di rispetto è qualcosa che rende le persone molto arrabbiate.,faccenda domestica,le faccende domestiche possono essere fastidiose.
Disgustato,Emozione,Negativo,Alto,essere,In che misura pensi a questa cosa come qualcuno o qualcosa che ti fa sentire disgustato,vomito,il vomito è qualcosa che rende le persone molto disgustate.,spazzatura,la spazzatura può essere abbastanza disgustosa.
Spaventato,Emozione,Negativo,Alto,essere,In che misura pensi a questa cosa come qualcuno o qualcosa che ti fa sentire spaventato,pericolo,il pericolo è qualcosa che rende le persone spaventate.,tuono,il tuono forte può essere abbastanza spaventoso.
Sorpreso,Emozione,Neutro,Alto,essere,In che misura pensi a questa cosa come qualcuno o qualcosa che ti fa sentire sorpreso,choc,uno choc è qualcosa di inaspettato che ti fa sentire molto sorpreso.,campanello,un campanello può essere abbastanza sorprendente.
Motivazione,Motivazione,Generale,Generale,essere,In che misura pensi a questa cosa come qualcuno o qualcosa che ti motiva a fare qualcosa,dovere,il dovere è qualcosa che le persone sentono di dover fare.,immagine,un'immagine potrebbe darti un'idea.
Bisogni,Motivazione,Base,Base,essere,In che misura pensi a questa cosa come qualcuno o qualcosa di cui faresti fatica a vivere senza,rifugio,il rifugio è assolutamente necessario per la sicurezza e il benessere.,tovagliolo,vivere senza tovaglioli sarebbe scomodo.
Attenzione,Attenzione,Generale,Generale,essere,In che misura pensi a questa cosa come qualcuno o qualcosa che cattura la  attenzione,urlo,un urlo cattura la  attenzione ed è impossibile da ignorare.,gatto,vedere un gatto potrebbe farti guardare cosa fa.
Attivazione,Attenzione,Generale,Attivazione,essere,"In che misura pensi a questa cosa come qualcuno o qualcosa che ti fa sentire vigile, attivato, eccitato o in allerta in modo positivo o negativo",montagne russe,salire sulle montagne russe è un'attività tipicamente molto stimolante.,radio,ascoltare la radio può essere interessante.
